Workbook

Sheet 🏠 Cover
A1: REAL ESTATE SERVICES — GLOBAL FACILITIES & CONSTRUCTION
A5: Management Information System (MIS) Dashboard | Business Execution Team — APAC
B11: Prepared by: | E11: Amit Kumar | Data Analyst
B12: Role Applied: | E12: Data Role
B13: Report Period: | E13: FY 2024-25 | Monthly Rolling
B14: Last Updated: | E14: June 2025
A15: DASHBOARD
B17: 📊 Executive Summary | I17: 🏗️ Project Tracker
B18: KPI overview & senior leadership view | I18: Active F&C projects, milestones & status
B22: 💰 Budget & Cost MIS | I22: 📈 Performance Analysis
B23: Capex/Opex tracking & variance analysis | I23: Regional & category performance deep-dive
B27: 🌏 APAC Regional View | I27: 📋 Data Repository
B28: Country-level facilities & project breakdown | I28: Raw data source — all calculations linked here

Sheet Data_Repository
A1: PROJECT MASTER DATA
A2: Project_ID | B2: Project_Name | C2: Region | D2: Country | E2: Category | F2: Status | G2: Budget_USD | H2: Actual_Spend | I2: Start_Date | J2: End_Date | K2: PM_Name | L2: Completion_Pct | M2: Priority | N2: Risk_Level | O2: Vendor
A3: P001 | B3: APAC HQ Renovation | C3: APAC | D3: Singapore | E3: Interior Fit-out | F3: In Progress | G3: 2500000 | H3: 1750000 | I3: 2024-04-01 | J3: 2025-03-31 | K3: Ravi Sharma | L3: 70 | M3: High | N3: Medium | O3: BuildCo Pte
A4: P002 | B4: Mumbai Office Expansion | C4: APAC | D4: India | E4: Space Planning | F4: In Progress | G4: 1800000 | H4: 900000 | I4: 2024-07-01 | J4: 2025-06-30 | K4: Priya Nair | L4: 50 | M4: High | N4: Low | O4: SpaceMax India
A5: P003 | B5: Tokyo Data Centre | C5: APAC | D5: Japan | E5: MEP | F5: Completed | G5: 4200000 | H5: 4350000 | I5: 2023-10-01 | J5: 2024-09-30 | K5: Kenji Tanaka | L5: 100 | M5: Critical | N5: High | O5: TechBuild JP
A6: P004 | B6: Sydney Office Refurb | C6: APAC | D6: Australia | E6: Interior Fit-out | F6: Completed | G6: 950000 | H6: 880000 | I6: 2024-01-15 | J6: 2024-08-15 | K6: Sarah Lee | L6: 100 | M6: Medium | N6: Low | O6: AusBuild Pty
A7: P005 | B7: Bangkok Regional Hub | C7: APAC | D7: Thailand | E7: New Build | F7: On Hold | G7: 3100000 | H7: 620000 | I7: 2024-09-01 | J7: 2026-03-31 | K7: Somchai P. | L7: 20 | M7: High | N7: High | O7: ThaiConstruct
A8: P006 | B8: Hong Kong Fit-out | C8: APAC | D8: Hong Kong | E8: Interior Fit-out | F8: In Progress | G8: 1400000 | H8: 840000 | I8: 2024-10-01 | J8: 2025-04-30 | K8: Amy Chan | L8: 60 | M8: Medium | N8: Medium | O8: HK Build Ltd
A9: P007 | B9: Seoul Tech Campus | C9: APAC | D9: South Korea | E9: New Build | F9: Planning | G9: 5500000 | H9: 110000 | I9: 2025-01-01 | J9: 2027-06-30 | K9: Kim Jaeho | L9: 2 | M9: Critical | N9: High | O9: KorBuild Co
A10: P008 | B10: Jakarta Fit-out | C10: APAC | D10: Indonesia | E10: Interior Fit-out | F10: In Progress | G10: 750000 | H10: 375000 | I10: 2024-11-01 | J10: 2025-05-31 | K10: Budi Santoso | L10: 50 | M10: Low | N10: Low | O10: IndoBuild
A11: P009 | B11: Manila Office Upgrade | C11: APAC | D11: Philippines | E11: Renovation | F11: In Progress | G11: 620000 | H11: 310000 | I11: 2025-01-01 | J11: 2025-07-31 | K11: Maria Santos | L11: 50 | M11: Medium | N11: Medium | O11: PhilBuild
A12: P010 | B12: Kuala Lumpur Expansion | C12: APAC | D12: Malaysia | E12: Space Planning | F12: Completed | G12: 880000 | H12: 860000 | I12: 2024-03-01 | J12: 2024-11-30 | K12: Ahmad Razak | L12: 100 | M12: Medium | N12: Low | O12: MalayBuild
A13: P011 | B13: Chennai DC Upgrade | C13: APAC | D13: India | E13: MEP | F13: In Progress | G13: 2200000 | H13: 1320000 | I13: 2024-08-01 | J13: 2025-08-31 | K13: Suresh Kumar | L13: 60 | M13: High | N13: Medium | O13: TechInfra IN
A14: P012 | B14: Bangalore Campus Phase2 | C14: APAC | D14: India | E14: New Build | F14: Planning | G14: 7500000 | H14: 150000 | I14: 2025-06-01 | J14: 2028-05-31 | K14: Deepa Reddy | L14: 2 | M14: Critical | N14: High | O14: InfraBuild IN
A18: MONTHLY FINANCIAL SUMMARY
A19: Month | B19: Region | C19: Capex_Budget | D19: Capex_Actual | E19: Opex_Budget | F19: Opex_Actual | G19: Projects_Active | H19: Projects_Completed | I19: Savings_USD | J19: Efficiency_Score
A20: Apr-24 | B20: India | C20: 316739 | D20: 225282 | E20: 122097 | F20: 109762 | G20: 3 | H20: 0 | I20: 91457 | J20: 85.3
A21: Apr-24 | B21: Singapore | C21: 771858 | D21: 570497 | E21: 160604 | F21: 137534 | G21: 2 | H21: 1 | I21: 201361 | J21: 72
A22: Apr-24 | B22: Japan | C22: 227824 | D22: 217016 | E22: 192853 | F22: 180106 | G22: 5 | H22: 2 | I22: 10808 | J22: 89.3
A23: Apr-24 | B23: Australia | C23: 206814 | D23: 215389 | E23: 91853 | F23: 90900 | G23: 4 | H23: 2 | I23: 0 | J23: 69.7
A24: Apr-24 | B24: APAC Others | C24: 552944 | D24: 412493 | E24: 149595 | F24: 130049 | G24: 8 | H24: 2 | I24: 140451 | J24: 83.1
A25: May-24 | B25: India | C25: 245561 | D25: 252529 | E25: 190568 | F25: 166740 | G25: 5 | H25: 0 | I25: 0 | J25: 81.6
A26: May-24 | B26: Singapore | C26: 579201 | D26: 555922 | E26: 68233 | F26: 58623 | G26: 3 | H26: 2 | I26: 23279 | J26: 94.6
A27: May-24 | B27: Japan | C27: 444098 | D27: 484030 | E27: 149647 | F27: 135519 | G27: 7 | H27: 2 | I27: 0 | J27: 69.9
A28: May-24 | B28: Australia | C28: 572528 | D28: 454746 | E28: 119986 | F28: 118829 | G28: 7 | H28: 0 | I28: 117782 | J28: 83.3
A29: May-24 | B29: APAC Others | C29: 379451 | D29: 356821 | E29: 114175 | F29: 100780 | G29: 5 | H29: 2 | I29: 22630 | J29: 94.7
A30: Jun-24 | B30: India | C30: 784004 | D30: 626283 | E30: 135008 | F30: 137515 | G30: 8 | H30: 0 | I30: 157721 | J30: 71.9
A31: Jun-24 | B31: Singapore | C31: 233659 | D31: 248209 | E31: 155162 | F31: 140196 | G31: 3 | H31: 2 | I31: 0 | J31: 71.4
... A79: Mar-25 | B79: APAC Others | C79: 764607 | D79: 771554 | E79: 101651 | F79: 93808 | G79: 2 | H79: 2 | I79: 0 | J79: 83.7

Sheet Executive_Summary
A1: EXECUTIVE SUMMARY | Real Estate Services — Global F&C | FY 2024-25
A5: KEY PERFORMANCE INDICATORS
A7: Total Active Projects | E7: Total Budget (USD) | I7: Actual Spend YTD | M7: Budget Variance | Q7: Avg Completion Score
A8: 12 | E8: $32.4M | I8: $18.7M | M8: ▲ 3.2% | Q8: 74%
A9: ▲ +2 vs prior quarter | E9: FY 2024-25 Approved | I9: 58% of full-year budget | M9: Slightly over (+$620K) | Q9: On-time delivery rate
A13: PROJECT STATUS OVERVIEW (Source: Data_Repository — Project Master)
A14: Status | B14: Count | C14: Budget (USD) | D14: Spent (USD) | E14: % Budget Used | F14: Avg Completion | G14: Risk Flag
A15: In Progress | B15: =COUNTIF(Data_Repository!F3:F14,A15) -> 6 | C15: =SUMIF(Data_Repository!F3:F14,A15,Data_Repository!G3:G14) -> 9270000 | D15: =SUMIF(Data_Repository!F3:F14,A15,Data_Repository!H3:H14) -> 5495000 | E15: =IFERROR(D15/C15,0) -> 0.59277238 | F15: =IFERROR(AVERAGEIF(Data_Repository!F3:F14,A15,Data_Repository!L3:L14),0) -> 56.666667 | G15: =IF(E15>1,"⚠ Over Budget",IF(F15<0.5,"🔴 Low Progress","✅ On Track")) -> ✅ On Track
A16: Completed | B16: =COUNTIF(Data_Repository!F3:F14,A16) -> 3 | C16: =SUMIF(Data_Repository!F3:F14,A16,Data_Repository!G3:G14) -> 6030000 | D16: =SUMIF(Data_Repository!F3:F14,A16,Data_Repository!H3:H14) -> 6090000 | E16: =IFERROR(D16/C16,0) -> 1.0099502 | F16: =IFERROR(AVERAGEIF(Data_Repository!F3:F14,A16,Data_Repository!L3:L14),0) -> 100 | G16: =IF(E16>1,"⚠ Over Budget",IF(F16<0.5,"🔴 Low Progress","✅ On Track")) -> ⚠ Over Budget
A17: On Hold | B17: =COUNTIF(Data_Repository!F3:F14,A17) -> 1 | C17: =SUMIF(Data_Repository!F3:F14,A17,Data_Repository!G3:G14) -> 3100000 | D17: =SUMIF(Data_Repository!F3:F14,A17,Data_Repository!H3:H14) -> 620000 | E17: =IFERROR(D17/C17,0) -> 0.2 | F17: =IFERROR(AVERAGEIF(Data_Repository!F3:F14,A17,Data_Repository!L3:L14),0) -> 20 | G17: =IF(E17>1,"⚠ Over Budget",IF(F17<0.5,"🔴 Low Progress","✅ On Track")) -> ✅ On Track
A18: Planning | B18: =COUNTIF(Data_Repository!F3:F14,A18) -> 2 | C18: =SUMIF(Data_Repository!F3:F14,A18,Data_Repository!G3:G14) -> 13000000 | D18: =SUMIF(Data_Repository!F3:F14,A18,Data_Repository!H3:H14) -> 260000 | E18: =IFERROR(D18/C18,0) -> 0.02 | F18: =IFERROR(AVERAGEIF(Data_Repository!F3:F14,A18,Data_Repository!L3:L14),0) -> 2 | G18: =IF(E18>1,"⚠ Over Budget",IF(F18<0.5,"🔴 Low Progress","✅ On Track")) -> ✅ On Track
A19: TOTAL | B19: =SUM(B15:B18) -> 12 | C19: =SUM(C15:C18) -> 31400000 | D19: =SUM(D15:D18) -> 12465000 | E19: =IFERROR(D19/C19,0) -> 0.39697452 | F19: =AVERAGE(F15:F18) -> 44.666667

Sheet Project_Tracker
A1: PROJECT TRACKER | Global F&C Active Portfolio | FY 2024-25
A5: Total Projects | C5: In Progress | E5: Completed | G5: On Hold | I5: Planning | K5: Avg Risk | M5: Critical Count
A6: =COUNTA(Data_Repository!A3:A14) -> 12 | C6: =COUNTIF(Data_Repository!F3:F14,"In Progress") -> 6 | E6: =COUNTIF(Data_Repository!F3:F14,"Completed") -> 3 | G6: =COUNTIF(Data_Repository!F3:F14,"On Hold") -> 1 | I6: =COUNTIF(Data_Repository!F3:F14,"Planning") -> 2 | K6: =COUNTIF(Data_Repository!N3:N14,"High") -> 4 | M6: =COUNTIF(Data_Repository!M3:M14,"Critical") -> 3
A8: Project ID | B8: Project Name | C8: Region | D8: Country | E8: Category | F8: Status | G8: Budget USD | H8: Actual Spend | I8: Variance | J8: Var % | K8: Completion % | L8: Priority | M8: Risk Level | N8: Start Date | O8: End Date | P8: PM Name | Q8: Vendor | R8: RAG
A9: =Data_Repository!A3 -> P001 | B9: =Data_Repository!B3 -> APAC HQ Renovation | C9: =Data_Repository!C3 -> APAC | D9: =Data_Repository!D3 -> Singapore | E9: =Data_Repository!E3 -> Interior Fit-out | F9: =Data_Repository!F3 -> In Progress | G9: =Data_Repository!G3 -> 2500000 | H9: =Data_Repository!H3 -> 1750000 | I9: =G9-H9 -> 750000 | J9: =IFERROR(I9/G9,0) -> 0.3 | K9: =Data_Repository!L3 -> 70 | L9: =Data_Repository!M3 -> High | M9: =Data_Repository!N3 -> Medium | N9: =Data_Repository!I3 -> 2024-04-01 | O9: =Data_Repository!J3 -> 2025-03-31 | P9: =Data_Repository!K3 -> Ravi Sharma | Q9: =Data_Repository!L3 -> 70 | R9: =IF(J9<-0.05,"🔴 RED",IF(J9<0,"🟡 AMBER","🟢 GREEN")) -> 🟢 GREEN
A10: =Data_Repository!A4 -> P002 | B10: =Data_Repository!B4 -> Mumbai Office Expansion | C10: =Data_Repository!C4 -> APAC | D10: =Data_Repository!D4 -> India | E10: =Data_Repository!E4 -> Space Planning | F10: =Data_Repository!F4 -> In Progress | G10: =Data_Repository!G4 -> 1800000 | H10: =Data_Repository!H4 -> 900000 | I10: =G10-H10 -> 900000 | J10: =IFERROR(I10/G10,0) -> 0.5 | K10: =Data_Repository!L4 -> 50 | L10: =Data_Repository!M4 -> High | M10: =Data_Repository!N4 -> Low | N10: =Data_Repository!I4 -> 2024-07-01 | O10: =Data_Repository!J4 -> 2025-06-30 | P10: =Data_Repository!K4 -> Priya Nair | Q10: =Data_Repository!L4 -> 50 | R10: =IF(J10<-0.05,"🔴 RED",IF(J10<0,"🟡 AMBER","🟢 GREEN")) -> 🟢 GREEN
A11: =Data_Repository!A5 -> P003 | B11: =Data_Repository!B5 -> Tokyo Data Centre | C11: =Data_Repository!C5 -> APAC | D11: =Data_Repository!D5 -> Japan | E11: =Data_Repository!E5 -> MEP | F11: =Data_Repository!F5 -> Completed | G11: =Data_Repository!G5 -> 4200000 | H11: =Data_Repository!H5 -> 4350000 | I11: =G11-H11 -> -150000 | J11: =IFERROR(I11/G11,0) -> -0.035714286 | K11: =Data_Repository!L5 -> 100 | L11: =Data_Repository!M5 -> Critical | M11: =Data_Repository!N5 -> High | N11: =Data_Repository!I5 -> 2023-10-01 | O11: =Data_Repository!J5 -> 2024-09-30 | P11: =Data_Repository!K5 -> Kenji Tanaka | Q11: =Data_Repository!L5 -> 100 | R11: =IF(J11<-0.05,"🔴 RED",IF(J11<0,"🟡 AMBER","🟢 GREEN")) -> 🟡 AMBER
A12: =Data_Repository!A6 -> P004 | B12: =Data_Repository!B6 -> Sydney Office Refurb | C12: =Data_Repository!C6 -> APAC | D12: =Data_Repository!D6 -> Australia | E12: =Data_Repository!E6 -> Interior Fit-out | F12: =Data_Repository!F6 -> Completed | G12: =Data_Repository!G6 -> 950000 | H12: =Data_Repository!H6 -> 880000 | I12: =G12-H12 -> 70000 | J12: =IFERROR(I12/G12,0) -> 0.073684211 | K12: =Data_Repository!L6 -> 100 | L12: =Data_Repository!M6 -> Medium | M12: =Data_Repository!N6 -> Low | N12: =Data_Repository!I6 -> 2024-01-15 | O12: =Data_Repository!J6 -> 2024-08-15 | P12: =Data_Repository!K6 -> Sarah Lee | Q12: =Data_Repository!L6 -> 100 | R12: =IF(J12<-0.05,"🔴 RED",IF(J12<0,"🟡 AMBER","🟢 GREEN")) -> 🟢 GREEN
A13: =Data_Repository!A7 -> P005 | B13: =Data_Repository!B7 -> Bangkok Regional Hub | C13: =Data_Repository!C7 -> APAC | D13: =Data_Repository!D7 -> Thailand | E13: =Data_Repository!E7 -> New Build | F13: =Data_Repository!F7 -> On Hold | G13: =Data_Repository!G7 -> 3100000 | H13: =Data_Repository!H7 -> 620000 | I13: =G13-H13 -> 2480000 | J13: =IFERROR(I13/G13,0) -> 0.8 | K13: =Data_Repository!L7 -> 20 | L13: =Data_Repository!M7 -> High | M13: =Data_Repository!N7 -> High | N13: =Data_Repository!I7 -> 2024-09-01 | O13: =Data_Repository!J7 -> 2026-03-31 | P13: =Data_Repository!K7 -> Somchai P. | Q13: =Data_Repository!L7 -> 20 | R13: =IF(J13<-0.05,"🔴 RED",IF(J13<0,"🟡 AMBER","🟢 GREEN")) -> 🟢 GREEN
A14: =Data_Repository!A8 -> P006 | B14: =Data_Repository!B8 -> Hong Kong Fit-out | C14: =Data_Repository!C8 -> APAC | D14: =Data_Repository!D8 -> Hong Kong | E14: =Data_Repository!E8 -> Interior Fit-out | F14: =Data_Repository!F8 -> In Progress | G14: =Data_Repository!G8 -> 1400000 | H14: =Data_Repository!H8 -> 840000 | I14: =G14-H14 -> 560000 | J14: =IFERROR(I14/G14,0) -> 0.4 | K14: =Data_Repository!L8 -> 60 | L14: =Data_Repository!M8 -> Medium | M14: =Data_Repository!N8 -> Medium | N14: =Data_Repository!I8 -> 2024-10-01 | O14: =Data_Repository!J8 -> 2025-04-30 | P14: =Data_Repository!K8 -> Amy Chan | Q14: =Data_Repository!L8 -> 60 | R14: =IF(J14<-0.05,"🔴 RED",IF(J14<0,"🟡 AMBER","🟢 GREEN")) -> 🟢 GREEN
A15: =Data_Repository!A9 -> P007 | B15: =Data_Repository!B9 -> Seoul Tech Campus | C15: =Data_Repository!C9 -> APAC | D15: =Data_Repository!D9 -> South Korea | E15: =Data_Repository!E9 -> New Build | F15: =Data_Repository!F9 -> Planning | G15: =Data_Repository!G9 -> 5500000 | H15: =Data_Repository!H9 -> 110000 | I15: =G15-H15 -> 5390000 | J15: =IFERROR(I15/G15,0) -> 0.98 | K15: =Data_Repository!L9 -> 2 | L15: =Data_Repository!M9 -> Critical | M15: =Data_Repository!N9 -> High | N15: =Data_Repository!I9 -> 2025-01-01 | O15: =Data_Repository!J9 -> 2027-06-30 | P15: =Data_Repository!K9 -> Kim Jaeho | Q15: =Data_Repository!L9 -> 2 | R15: =IF(J15<-0.05,"🔴 RED",IF(J15<0,"🟡 AMBER","🟢 GREEN")) -> 🟢 GREEN
A16: =Data_Repository!A10 -> P008 | B16: =Data_Repository!B10 -> Jakarta Fit-out | C16: =Data_Repository!C10 -> APAC | D16: =Data_Repository!D10 -> Indonesia | E16: =Data_Repository!E10 -> Interior Fit-out | F16: =Data_Repository!F10 -> In Progress | G16: =Data_Repository!G10 -> 750000 | H16: =Data_Repository!H10 -> 375000 | I16: =G16-H16 -> 375000 | J16: =IFERROR(I16/G16,0) -> 0.5 | K16: =Data_Repository!L10 -> 50 | L16: =Data_Repository!M10 -> Low | M16: =Data_Repository!N10 -> Low | N16: =Data_Repository!I10 -> 2024-11-01 | O16: =Data_Repository!J10 -> 2025-05-31 | P16: =Data_Repository!K10 -> Budi Santoso | Q16: =Data_Repository!L10 -> 50 | R16: =IF(J16<-0.05,"🔴 RED",IF(J16<0,"🟡 AMBER","🟢 GREEN")) -> 🟢 GREEN
A17: =Data_Repository!A11 -> P009 | B17: =Data_Repository!B11 -> Manila Office Upgrade | C17: =Data_Repository!C11 -> APAC | D17: =Data_Repository!D11 -> Philippines | E17: =Data_Repository!E11 -> Renovation | F17: =Data_Repository!F11 -> In Progress | G17: =Data_Repository!G11 -> 620000 | H17: =Data_Repository!H11 -> 310000 | I17: =G17-H17 -> 310000 | J17: =IFERROR(I17/G17,0) -> 0.5 | K17: =Data_Repository!L11 -> 50 | L17: =Data_Repository!M11 -> Medium | M17: =Data_Repository!N11 -> Medium | N17: =Data_Repository!I11 -> 2025-01-01 | O17: =Data_Repository!J11 -> 2025-07-31 | P17: =Data_Repository!K11 -> Maria Santos | Q17: =Data_Repository!L11 -> 50 | R17: =IF(J17<-0.05,"🔴 RED",IF(J17<0,"🟡 AMBER","🟢 GREEN")) -> 🟢 GREEN
A18: =Data_Repository!A12 -> P010 | B18: =Data_Repository!B12 -> Kuala Lumpur Expansion | C18: =Data_Repository!C12 -> APAC | D18: =Data_Repository!D12 -> Malaysia | E18: =Data_Repository!E12 -> Space Planning | F18: =Data_Repository!F12 -> Completed | G18: =Data_Repository!G12 -> 880000 | H18: =Data_Repository!H12 -> 860000 | I18: =G18-H18 -> 20000 | J18: =IFERROR(I18/G18,0) -> 0.022727273 | K18: =Data_Repository!L12 -> 100 | L18: =Data_Repository!M12 -> Medium | M18: =Data_Repository!N12 -> Low | N18: =Data_Repository!I12 -> 2024-03-01 | O18: =Data_Repository!J12 -> 2024-11-30 | P18: =Data_Repository!K12 -> Ahmad Razak | Q18: =Data_Repository!L12 -> 100 | R18: =IF(J18<-0.05,"🔴 RED",IF(J18<0,"🟡 AMBER","🟢 GREEN")) -> 🟢 GREEN
A19: =Data_Repository!A13 -> P011 | B19: =Data_Repository!B13 -> Chennai DC Upgrade | C19: =Data_Repository!C13 -> APAC | D19: =Data_Repository!D13 -> India | E19: =Data_Repository!E13 -> MEP | F19: =Data_Repository!F13 -> In Progress | G19: =Data_Repository!G13 -> 2200000 | H19: =Data_Repository!H13 -> 1320000 | I19: =G19-H19 -> 880000 | J19: =IFERROR(I19/G19,0) -> 0.4 | K19: =Data_Repository!L13 -> 60 | L19: =Data_Repository!M13 -> High | M19: =Data_Repository!N13 -> Medium | N19: =Data_Repository!I13 -> 2024-08-01 | O19: =Data_Repository!J13 -> 2025-08-31 | P19: =Data_Repository!K13 -> Suresh Kumar | Q19: =Data_Repository!L13 -> 60 | R19: =IF(J19<-0.05,"🔴 RED",IF(J19<0,"🟡 AMBER","🟢 GREEN")) -> 🟢 GREEN
A20: =Data_Repository!A14 -> P012 | B20: =Data_Repository!B14 -> Bangalore Campus Phase2 | C20: =Data_Repository!C14 -> APAC | D20: =Data_Repository!D14 -> India | E20: =Data_Repository!E14 -> New Build | F20: =Data_Repository!F14 -> Planning | G20: =Data_Repository!G14 -> 7500000 | H20: =Data_Repository!H14 -> 150000 | I20: =G20-H20 -> 7350000 | J20: =IFERROR(I20/G20,0) -> 0.98 | K20: =Data_Repository!L14 -> 2 | L20: =Data_Repository!M14 -> Critical | M20: =Data_Repository!N14 -> High | N20: =Data_Repository!I14 -> 2025-06-01 | O20: =Data_Repository!J14 -> 2028-05-31 | P20: =Data_Repository!K14 -> Deepa Reddy | Q20: =Data_Repository!L14 -> 2 | R20: =IF(J20<-0.05,"🔴 RED",IF(J20<0,"🟡 AMBER","🟢 GREEN")) -> 🟢 GREEN

Sheet Budget_Cost_MIS
A1: BUDGET & COST MIS | Capex / Opex Tracking & Variance Analysis | FY 2024-25
A5: MONTHLY CAPEX / OPEX SUMMARY (Aggregated from Data_Repository)
A6: Month | B6: Capex Budget | C6: Capex Actual | D6: Capex Variance | E6: Capex Var% | F6: Opex Budget | G6: Opex Actual | H6: Opex Variance | I6: Opex Var% | J6: Total Budget | K6: Total Actual | L6: Total Variance | M6: Savings | N6: Efficiency%
A7: Apr-24 | B7: 2240975 | C7: 1912446 | D7: =B7-C7 -> 328529 | E7: =IFERROR(D7/B7,0) -> 0.14660092 | F7: 588786 | G7: 547279 | H7: =F7-G7 -> 41507 | I7: =IFERROR(H7/F7,0) -> 0.070495902 | J7: =B7+F7 -> 2829761 | K7: =C7+G7 -> 2459725 | L7: =J7-K7 -> 370036 | M7: =MAX(0,J7-K7) -> 370036 | N7: =IFERROR(J7/K7*100,100) -> 115.0438
A8: May-24 | B8: 1368106 | C8: 1179117 | D8: =B8-C8 -> 188989 | E8: =IFERROR(D8/B8,0) -> 0.13813915 | F8: 253736 | G8: 254194 | H8: =F8-G8 -> -458 | I8: =IFERROR(H8/F8,0) -> -0.0018050257 | J8: =B8+F8 -> 1621842 | K8: =C8+G8 -> 1433311 | L8: =J8-K8 -> 188531 | M8: =MAX(0,J8-K8) -> 188531 | N8: =IFERROR(J8/K8*100,100) -> 113.15353
A9: Jun-24 | B9: 2771036 | C9: 2725618 | D9: =B9-C9 -> 45418 | E9: =IFERROR(D9/B9,0) -> 0.01639026 | F9: 509588 | G9: 487138 | H9: =F9-G9 -> 22450 | I9: =IFERROR(H9/F9,0) -> 0.044055198 | J9: =B9+F9 -> 3280624 | K9: =C9+G9 -> 3212756 | L9: =J9-K9 -> 67868 | M9: =MAX(0,J9-K9) -> 67868 | N9: =IFERROR(J9/K9*100,100) -> 102.11245
A10: Jul-24 | B10: 962489 | C10: 816295 | D10: =B10-C10 -> 146194 | E10: =IFERROR(D10/B10,0) -> 0.15189161 | F10: 321981 | G10: 312631 | H10: =F10-G10 -> 9350 | I10: =IFERROR(H10/F10,0) -> 0.029038981 | J10: =B10+F10 -> 1284470 | K10: =C10+G10 -> 1128926 | L10: =J10-K10 -> 155544 | M10: =MAX(0,J10-K10) -> 155544 | N10: =IFERROR(J10/K10*100,100) -> 113.77805
A11: Aug-24 | B11: 955649 | C11: 944538 | D11: =B11-C11 -> 11111 | E11: =IFERROR(D11/B11,0) -> 0.011626654 | F11: 575400 | G11: 573661 | H11: =F11-G11 -> 1739 | I11: =IFERROR(H11/F11,0) -> 0.0030222454 | J11: =B11+F11 -> 1531049 | K11: =C11+G11 -> 1518199 | L11: =J11-K11 -> 12850 | M11: =MAX(0,J11-K11) -> 12850 | N11: =IFERROR(J11/K11*100,100) -> 100.8464
A12: Sep-24 | B12: 2042825 | C12: 1932218 | D12: =B12-C12 -> 110607 | E12: =IFERROR(D12/B12,0) -> 0.054144139 | F12: 435514 | G12: 429446 | H12: =F12-G12 -> 6068 | I12: =IFERROR(H12/F12,0) -> 0.013932962 | J12: =B12+F12 -> 2478339 | K12: =C12+G12 -> 2361664 | L12: =J12-K12 -> 116675 | M12: =MAX(0,J12-K12) -> 116675 | N12: =IFERROR(J12/K12*100,100) -> 104.94037
A13: Oct-24 | B13: 2597498 | C13: 2807350 | D13: =B13-C13 -> -209852 | E13: =IFERROR(D13/B13,0) -> -0.080790053 | F13: 597833 | G13: 612807 | H13: =F13-G13 -> -14974 | I13: =IFERROR(H13/F13,0) -> -0.025047129 | J13: =B13+F13 -> 3195331 | K13: =C13+G13 -> 3420157 | L13: =J13-K13 -> -224826 | M13: =MAX(0,J13-K13) -> 0 | N13: =IFERROR(J13/K13*100,100) -> 93.426442
A14: Nov-24 | B14: 2364104 | C14: 2238296 | D14: =B14-C14 -> 125808 | E14: =IFERROR(D14/B14,0) -> 0.053215933 | F14: 345684 | G14: 313876 | H14: =F14-G14 -> 31808 | I14: =IFERROR(H14/F14,0) -> 0.092014672 | J14: =B14+F14 -> 2709788 | K14: =C14+G14 -> 2552172 | L14: =J14-K14 -> 157616 | M14: =MAX(0,J14-K14) -> 157616 | N14: =IFERROR(J14/K14*100,100) -> 106.17576
A15: Dec-24 | B15: 2501163 | C15: 2303517 | D15: =B15-C15 -> 197646 | E15: =IFERROR(D15/B15,0) -> 0.079021639 | F15: 248625 | G15: 235792 | H15: =F15-G15 -> 12833 | I15: =IFERROR(H15/F15,0) -> 0.051615887 | J15: =B15+F15 -> 2749788 | K15: =C15+G15 -> 2539309 | L15: =J15-K15 -> 210479 | M15: =MAX(0,J15-K15) -> 210479 | N15: =IFERROR(J15/K15*100,100) -> 108.28883
A16: Jan-25 | B16: 1652834 | C16: 1775554 | D16: =B16-C16 -> -122720 | E16: =IFERROR(D16/B16,0) -> -0.074248231 | F16: 516526 | G16: 479136 | H16: =F16-G16 -> 37390 | I16: =IFERROR(H16/F16,0) -> 0.07238745 | J16: =B16+F16 -> 2169360 | K16: =C16+G16 -> 2254690 | L16: =J16-K16 -> -85330 | M16: =MAX(0,J16-K16) -> 0 | N16: =IFERROR(J16/K16*100,100) -> 96.215444
A17: Feb-25 | B17: 991122 | C17: 1029696 | D17: =B17-C17 -> -38574 | E17: =IFERROR(D17/B17,0) -> -0.038919528 | F17: 481137 | G17: 434211 | H17: =F17-G17 -> 46926 | I17: =IFERROR(H17/F17,0) -> 0.097531472 | J17: =B17+F17 -> 1472259 | K17: =C17+G17 -> 1463907 | L17: =J17-K17 -> 8352 | M17: =MAX(0,J17-K17) -> 8352 | N17: =IFERROR(J17/K17*100,100) -> 100.57053
A18: Mar-25 | B18: 1693844 | C18: 1428994 | D18: =B18-C18 -> 264850 | E18: =IFERROR(D18/B18,0) -> 0.15636033 | F18: 353709 | G18: 364070 | H18: =F18-G18 -> -10361 | I18: =IFERROR(H18/F18,0) -> -0.029292441 | J18: =B18+F18 -> 2047553 | K18: =C18+G18 -> 1793064 | L18: =J18-K18 -> 254489 | M18: =MAX(0,J18-K18) -> 254489 | N18: =IFERROR(J18/K18*100,100) -> 114.19297
A19: FY TOTAL | B19: =SUM(B7:B18) -> 22141645 | C19: =SUM(C7:C18) -> 21093639 | D19: =SUM(D7:D18) -> 1048006 | E19: =IFERROR(SUM(E7:E18)/12,0) -> 0.051119401 | F19: =SUM(F7:F18) -> 5228519 | G19: =SUM(G7:G18) -> 5044241 | H19: =SUM(H7:H18) -> 184278 | I19: =IFERROR(SUM(I7:I18)/12,0) -> 0.034829181 | J19: =SUM(J7:J18) -> 27370164 | K19: =SUM(K7:K18) -> 26137880 | L19: =SUM(L7:L18) -> 1232284 | M19: =SUM(M7:M18) -> 1542440 | N19: =IFERROR(SUM(N7:N18)/12,0) -> 105.72871

Sheet Performance_Analysis
A1: PERFORMANCE ANALYSIS | Regional & Category Deep-Dive | FY 2024-25
A5: PERFORMANCE BY PROJECT CATEGORY
A6: Category | B6: Project Count | C6: Total Budget | D6: Total Spend | E6: Variance | F6: Var % | G6: Avg Completion | H6: Savings | I6: Efficiency
A7: Interior Fit-out | B7: =COUNTIF(Data_Repository!E3:E14,A7) -> 4 | C7: =SUMIF(Data_Repository!E3:E14,A7,Data_Repository!G3:G14) -> 5600000 | D7: =SUMIF(Data_Repository!E3:E14,A7,Data_Repository!H3:H14) -> 3845000 | E7: =C7-D7 -> 1755000 | F7: =IFERROR(E7/C7,0) -> 0.31339286 | G7: =IFERROR(AVERAGEIF(Data_Repository!E3:E14,A7,Data_Repository!L3:L14),0) -> 70 | H7: =MAX(0,C7-D7) -> 1755000 | I7: =IF(F7>0,"✅ Under Budget",IF(F7=0,"⚪ On Budget","⚠️ Over Budget")) -> ✅ Under Budget
A8: New Build | B8: =COUNTIF(Data_Repository!E3:E14,A8) -> 3 | C8: =SUMIF(Data_Repository!E3:E14,A8,Data_Repository!G3:G14) -> 16100000 | D8: =SUMIF(Data_Repository!E3:E14,A8,Data_Repository!H3:H14) -> 880000 | E8: =C8-D8 -> 15220000 | F8: =IFERROR(E8/C8,0) -> 0.94534161 | G8: =IFERROR(AVERAGEIF(Data_Repository!E3:E14,A8,Data_Repository!L3:L14),0) -> 8 | H8: =MAX(0,C8-D8) -> 15220000 | I8: =IF(F8>0,"✅ Under Budget",IF(F8=0,"⚪ On Budget","⚠️ Over Budget")) -> ✅ Under Budget
A9: MEP | B9: =COUNTIF(Data_Repository!E3:E14,A9) -> 2 | C9: =SUMIF(Data_Repository!E3:E14,A9,Data_Repository!G3:G14) -> 6400000 | D9: =SUMIF(Data_Repository!E3:E14,A9,Data_Repository!H3:H14) -> 5670000 | E9: =C9-D9 -> 730000 | F9: =IFERROR(E9/C9,0) -> 0.1140625 | G9: =IFERROR(AVERAGEIF(Data_Repository!E3:E14,A9,Data_Repository!L3:L14),0) -> 80 | H9: =MAX(0,C9-D9) -> 730000 | I9: =IF(F9>0,"✅ Under Budget",IF(F9=0,"⚪ On Budget","⚠️ Over Budget")) -> ✅ Under Budget
A10: Space Planning | B10: =COUNTIF(Data_Repository!E3:E14,A10) -> 2 | C10: =SUMIF(Data_Repository!E3:E14,A10,Data_Repository!G3:G14) -> 2680000 | D10: =SUMIF(Data_Repository!E3:E14,A10,Data_Repository!H3:H14) -> 1760000 | E10: =C10-D10 -> 920000 | F10: =IFERROR(E10/C10,0) -> 0.34328358 | G10: =IFERROR(AVERAGEIF(Data_Repository!E3:E14,A10,Data_Repository!L3:L14),0) -> 75 | H10: =MAX(0,C10-D10) -> 920000 | I10: =IF(F10>0,"✅ Under Budget",IF(F10=0,"⚪ On Budget","⚠️ Over Budget")) -> ✅ Under Budget
A11: Renovation | B11: =COUNTIF(Data_Repository!E3:E14,A11) -> 1 | C11: =SUMIF(Data_Repository!E3:E14,A11,Data_Repository!G3:G14) -> 620000 | D11: =SUMIF(Data_Repository!E3:E14,A11,Data_Repository!H3:H14) -> 310000 | E11: =C11-D11 -> 310000 | F11: =IFERROR(E11/C11,0) -> 0.5 | G11: =IFERROR(AVERAGEIF(Data_Repository!E3:E14,A11,Data_Repository!L3:L14),0) -> 50 | H11: =MAX(0,C11-D11) -> 310000 | I11: =IF(F11>0,"✅ Under Budget",IF(F11=0,"⚪ On Budget","⚠️ Over Budget")) -> ✅ Under Budget
A12: TOTAL | B12: =SUM(B7:B11) -> 12 | C12: =SUM(C7:C11) -> 31400000 | D12: =SUM(D7:D11) -> 12465000 | E12: =SUM(E7:E11) -> 18935000 | F12: =IFERROR(E12/C12,0) -> 0.60302548 | G12: =AVERAGE(G7:G11) -> 56.6 | H12: =SUM(H7:H11) -> 18935000
A15: PERFORMANCE BY REGION
A16: Region/Country | B16: Projects | C16: Budget | D16: Actual | E16: Variance | F16: Var% | G16: Avg Completion | H16: RAG Status
A17: India | B17: =COUNTIF(Data_Repository!D3:D14,A17) -> 3 | C17: =SUMIF(Data_Repository!D3:D14,A17,Data_Repository!G3:G14) -> 11500000 | D17: =SUMIF(Data_Repository!D3:D14,A17,Data_Repository!H3:H14) -> 2370000 | E17: =C17-D17 -> 9130000 | F17: =IFERROR(E17/C17,0) -> 0.79391304 | G17: =IFERROR(AVERAGEIF(Data_Repository!D3:D14,A17,Data_Repository!L3:L14),0) -> 37.333333 | H17: =IF(F17<-0.1,"🔴 RED",IF(F17<0,"🟡 AMBER","🟢 GREEN")) -> 🟢 GREEN
A18: Singapore | B18: =COUNTIF(Data_Repository!D3:D14,A18) -> 1 | C18: =SUMIF(Data_Repository!D3:D14,A18,Data_Repository!G3:G14) -> 2500000 | D18: =SUMIF(Data_Repository!D3:D14,A18,Data_Repository!H3:H14) -> 1750000 | E18: =C18-D18 -> 750000 | F18: =IFERROR(E18/C18,0) -> 0.3 | G18: =IFERROR(AVERAGEIF(Data_Repository!D3:D14,A18,Data_Repository!L3:L14),0) -> 70 | H18: =IF(F18<-0.1,"🔴 RED",IF(F18<0,"🟡 AMBER","🟢 GREEN")) -> 🟢 GREEN
A19: Japan | B19: =COUNTIF(Data_Repository!D3:D14,A19) -> 1 | C19: =SUMIF(Data_Repository!D3:D14,A19,Data_Repository!G3:G14) -> 4200000 | D19: =SUMIF(Data_Repository!D3:D14,A19,Data_Repository!H3:H14) -> 4350000 | E19: =C19-D19 -> -150000 | F19: =IFERROR(E19/C19,0) -> -0.035714286 | G19: =IFERROR(AVERAGEIF(Data_Repository!D3:D14,A19,Data_Repository!L3:L14),0) -> 100 | H19: =IF(F19<-0.1,"🔴 RED",IF(F19<0,"🟡 AMBER","🟢 GREEN")) -> 🟡 AMBER
A20: Australia | B20: =COUNTIF(Data_Repository!D3:D14,A20) -> 1 | C20: =SUMIF(Data_Repository!D3:D14,A20,Data_Repository!G3:G14) -> 950000 | D20: =SUMIF(Data_Repository!D3:D14,A20,Data_Repository!H3:H14) -> 880000 | E20: =C20-D20 -> 70000 | F20: =IFERROR(E20/C20,0) -> 0.073684211 | G20: =IFERROR(AVERAGEIF(Data_Repository!D3:D14,A20,Data_Repository!L3:L14),0) -> 100 | H20: =IF(F20<-0.1,"🔴 RED",IF(F20<0,"🟡 AMBER","🟢 GREEN")) -> 🟢 GREEN
A21: Thailand | B21: =COUNTIF(Data_Repository!D3:D14,A21) -> 1 | C21: =SUMIF(Data_Repository!D3:D14,A21,Data_Repository!G3:G14) -> 3100000 | D21: =SUMIF(Data_Repository!D3:D14,A21,Data_Repository!H3:H14) -> 620000 | E21: =C21-D21 -> 2480000 | F21: =IFERROR(E21/C21,0) -> 0.8 | G21: =IFERROR(AVERAGEIF(Data_Repository!D3:D14,A21,Data_Repository!L3:L14),0) -> 20 | H21: =IF(F21<-0.1,"🔴 RED",IF(F21<0,"🟡 AMBER","🟢 GREEN")) -> 🟢 GREEN
A22: Hong Kong | B22: =COUNTIF(Data_Repository!D3:D14,A22) -> 1 | C22: =SUMIF(Data_Repository!D3:D14,A22,Data_Repository!G3:G14) -> 1400000 | D22: =SUMIF(Data_Repository!D3:D14,A22,Data_Repository!H3:H14) -> 840000 | E22: =C22-D22 -> 560000 | F22: =IFERROR(E22/C22,0) -> 0.4 | G22: =IFERROR(AVERAGEIF(Data_Repository!D3:D14,A22,Data_Repository!L3:L14),0) -> 60 | H22: =IF(F22<-0.1,"🔴 RED",IF(F22<0,"🟡 AMBER","🟢 GREEN")) -> 🟢 GREEN
A23: South Korea | B23: =COUNTIF(Data_Repository!D3:D14,A23) -> 1 | C23: =SUMIF(Data_Repository!D3:D14,A23,Data_Repository!G3:G14) -> 5500000 | D23: =SUMIF(Data_Repository!D3:D14,A23,Data_Repository!H3:H14) -> 110000 | E23: =C23-D23 -> 5390000 | F23: =IFERROR(E23/C23,0) -> 0.98 | G23: =IFERROR(AVERAGEIF(Data_Repository!D3:D14,A23,Data_Repository!L3:L14),0) -> 2 | H23: =IF(F23<-0.1,"🔴 RED",IF(F23<0,"🟡 AMBER","🟢 GREEN")) -> 🟢 GREEN
A24: Indonesia | B24: =COUNTIF(Data_Repository!D3:D14,A24) -> 1 | C24: =SUMIF(Data_Repository!D3:D14,A24,Data_Repository!G3:G14) -> 750000 | D24: =SUMIF(Data_Repository!D3:D14,A24,Data_Repository!H3:H14) -> 375000 | E24: =C24-D24 -> 375000 | F24: =IFERROR(E24/C24,0) -> 0.5 | G24: =IFERROR(AVERAGEIF(Data_Repository!D3:D14,A24,Data_Repository!L3:L14),0) -> 50 | H24: =IF(F24<-0.1,"🔴 RED",IF(F24<0,"🟡 AMBER","🟢 GREEN")) -> 🟢 GREEN
A25: Philippines | B25: =COUNTIF(Data_Repository!D3:D14,A25) -> 1 | C25: =SUMIF(Data_Repository!D3:D14,A25,Data_Repository!G3:G14) -> 620000 | D25: =SUMIF(Data_Repository!D3:D14,A25,Data_Repository!H3:H14) -> 310000 | E25: =C25-D25 -> 310000 | F25: =IFERROR(E25/C25,0) -> 0.5 | G25: =IFERROR(AVERAGEIF(Data_Repository!D3:D14,A25,Data_Repository!L3:L14),0) -> 50 | H25: =IF(F25<-0.1,"🔴 RED",IF(F25<0,"🟡 AMBER","🟢 GREEN")) -> 🟢 GREEN
A26: Malaysia | B26: =COUNTIF(Data_Repository!D3:D14,A26) -> 1 | C26: =SUMIF(Data_Repository!D3:D14,A26,Data_Repository!G3:G14) -> 880000 | D26: =SUMIF(Data_Repository!D3:D14,A26,Data_Repository!H3:H14) -> 860000 | E26: =C26-D26 -> 20000 | F26: =IFERROR(E26/C26,0) -> 0.022727273 | G26: =IFERROR(AVERAGEIF(Data_Repository!D3:D14,A26,Data_Repository!L3:L14),0) -> 100 | H26: =IF(F26<-0.1,"🔴 RED",IF(F26<0,"🟡 AMBER","🟢 GREEN")) -> 🟢 GREEN

Sheet APAC_Regional
A1: APAC REGIONAL VIEW | Country-Level Facilities & Construction Dashboard | FY 2024-25
A5: APAC PORTFOLIO SNAPSHOT | All values in USD | Data Source: Data_Repository
A6: Country | B6: Active | C6: Completed | D6: On Hold | E6: Planning | F6: Total Budget | G6: YTD Spend | H6: Budget Util% | I6: Avg Completion | J6: High Risk | K6: Critical | L6: RAG | M6: Country Score
A7: India | B7: =COUNTIFS(Data_Repository!D3:D14,A7,Data_Repository!F3:F14,"In Progress") -> 2 | C7: =COUNTIFS(Data_Repository!D3:D14,A7,Data_Repository!F3:F14,"Completed") -> 0 | D7: =COUNTIFS(Data_Repository!D3:D14,A7,Data_Repository!F3:F14,"On Hold") -> 0 | E7: =COUNTIFS(Data_Repository!D3:D14,A7,Data_Repository!F3:F14,"Planning") -> 1 | F7: =SUMIF(Data_Repository!D3:D14,A7,Data_Repository!G3:G14) -> 11500000 | G7: =SUMIF(Data_Repository!D3:D14,A7,Data_Repository!H3:H14) -> 2370000 | H7: =IFERROR(G7/F7,0) -> 0.20608696 | I7: =IFERROR(AVERAGEIF(Data_Repository!D3:D14,A7,Data_Repository!L3:L14),0) -> 37.333333 | J7: =COUNTIFS(Data_Repository!D3:D14,A7,Data_Repository!N3:N14,"High") -> 1 | K7: =COUNTIFS(Data_Repository!D3:D14,A7,Data_Repository!M3:M14,"Critical") -> 1 | L7: =IF(H7>1.1,"🔴 RED",IF(H7>0.95,"🟡 AMBER","🟢 GREEN")) -> 🟢 GREEN | M7: =IFERROR(ROUND((1-ABS(H7-1))*50+I7*50,1),0) -> 1877
A8: Singapore | B8: =COUNTIFS(Data_Repository!D3:D14,A8,Data_Repository!F3:F14,"In Progress") -> 1 | C8: =COUNTIFS(Data_Repository!D3:D14,A8,Data_Repository!F3:F14,"Completed") -> 0 | D8: =COUNTIFS(Data_Repository!D3:D14,A8,Data_Repository!F3:F14,"On Hold") -> 0 | E8: =COUNTIFS(Data_Repository!D3:D14,A8,Data_Repository!F3:F14,"Planning") -> 0 | F8: =SUMIF(Data_Repository!D3:D14,A8,Data_Repository!G3:G14) -> 2500000 | G8: =SUMIF(Data_Repository!D3:D14,A8,Data_Repository!H3:H14) -> 1750000 | H8: =IFERROR(G8/F8,0) -> 0.7 | I8: =IFERROR(AVERAGEIF(Data_Repository!D3:D14,A8,Data_Repository!L3:L14),0) -> 70 | J8: =COUNTIFS(Data_Repository!D3:D14,A8,Data_Repository!N3:N14,"High") -> 0 | K8: =COUNTIFS(Data_Repository!D3:D14,A8,Data_Repository!M3:M14,"Critical") -> 0 | L8: =IF(H8>1.1,"🔴 RED",IF(H8>0.95,"🟡 AMBER","🟢 GREEN")) -> 🟢 GREEN | M8: =IFERROR(ROUND((1-ABS(H8-1))*50+I8*50,1),0) -> 3535
A9: Japan | B9: =COUNTIFS(Data_Repository!D3:D14,A9,Data_Repository!F3:F14,"In Progress") -> 0 | C9: =COUNTIFS(Data_Repository!D3:D14,A9,Data_Repository!F3:F14,"Completed") -> 1 | D9: =COUNTIFS(Data_Repository!D3:D14,A9,Data_Repository!F3:F14,"On Hold") -> 0 | E9: =COUNTIFS(Data_Repository!D3:D14,A9,Data_Repository!F3:F14,"Planning") -> 0 | F9: =SUMIF(Data_Repository!D3:D14,A9,Data_Repository!G3:G14) -> 4200000 | G9: =SUMIF(Data_Repository!D3:D14,A9,Data_Repository!H3:H14) -> 4350000 | H9: =IFERROR(G9/F9,0) -> 1.0357143 | I9: =IFERROR(AVERAGEIF(Data_Repository!D3:D14,A9,Data_Repository!L3:L14),0) -> 100 | J9: =COUNTIFS(Data_Repository!D3:D14,A9,Data_Repository!N3:N14,"High") -> 1 | K9: =COUNTIFS(Data_Repository!D3:D14,A9,Data_Repository!M3:M14,"Critical") -> 1 | L9: =IF(H9>1.1,"🔴 RED",IF(H9>0.95,"🟡 AMBER","🟢 GREEN")) -> 🟡 AMBER | M9: =IFERROR(ROUND((1-ABS(H9-1))*50+I9*50,1),0) -> 5048.2
A10: Australia | B10: =COUNTIFS(Data_Repository!D3:D14,A10,Data_Repository!F3:F14,"In Progress") -> 0 | C10: =COUNTIFS(Data_Repository!D3:D14,A10,Data_Repository!F3:F14,"Completed") -> 1 | D10: =COUNTIFS(Data_Repository!D3:D14,A10,Data_Repository!F3:F14,"On Hold") -> 0 | E10: =COUNTIFS(Data_Repository!D3:D14,A10,Data_Repository!F3:F14,"Planning") -> 0 | F10: =SUMIF(Data_Repository!D3:D14,A10,Data_Repository!G3:G14) -> 950000 | G10: =SUMIF(Data_Repository!D3:D14,A10,Data_Repository!H3:H14) -> 880000 | H10: =IFERROR(G10/F10,0) -> 0.92631579 | I10: =IFERROR(AVERAGEIF(Data_Repository!D3:D14,A10,Data_Repository!L3:L14),0) -> 100 | J10: =COUNTIFS(Data_Repository!D3:D14,A10,Data_Repository!N3:N14,"High") -> 0 | K10: =COUNTIFS(Data_Repository!D3:D14,A10,Data_Repository!M3:M14,"Critical") -> 0 | L10: =IF(H10>1.1,"🔴 RED",IF(H10>0.95,"🟡 AMBER","🟢 GREEN")) -> 🟢 GREEN | M10: =IFERROR(ROUND((1-ABS(H10-1))*50+I10*50,1),0) -> 5046.3
A11: Thailand | B11: =COUNTIFS(Data_Repository!D3:D14,A11,Data_Repository!F3:F14,"In Progress") -> 0 | C11: =COUNTIFS(Data_Repository!D3:D14,A11,Data_Repository!F3:F14,"Completed") -> 0 | D11: =COUNTIFS(Data_Repository!D3:D14,A11,Data_Repository!F3:F14,"On Hold") -> 1 | E11: =COUNTIFS(Data_Repository!D3:D14,A11,Data_Repository!F3:F14,"Planning") -> 0 | F11: =SUMIF(Data_Repository!D3:D14,A11,Data_Repository!G3:G14) -> 3100000 | G11: =SUMIF(Data_Repository!D3:D14,A11,Data_Repository!H3:H14) -> 620000 | H11: =IFERROR(G11/F11,0) -> 0.2 | I11: =IFERROR(AVERAGEIF(Data_Repository!D3:D14,A11,Data_Repository!L3:L14),0) -> 20 | J11: =COUNTIFS(Data_Repository!D3:D14,A11,Data_Repository!N3:N14,"High") -> 1 | K11: =COUNTIFS(Data_Repository!D3:D14,A11,Data_Repository!M3:M14,"Critical") -> 0 | L11: =IF(H11>1.1,"🔴 RED",IF(H11>0.95,"🟡 AMBER","🟢 GREEN")) -> 🟢 GREEN | M11: =IFERROR(ROUND((1-ABS(H11-1))*50+I11*50,1),0) -> 1010
A12: Hong Kong | B12: =COUNTIFS(Data_Repository!D3:D14,A12,Data_Repository!F3:F14,"In Progress") -> 1 | C12: =COUNTIFS(Data_Repository!D3:D14,A12,Data_Repository!F3:F14,"Completed") -> 0 | D12: =COUNTIFS(Data_Repository!D3:D14,A12,Data_Repository!F3:F14,"On Hold") -> 0 | E12: =COUNTIFS(Data_Repository!D3:D14,A12,Data_Repository!F3:F14,"Planning") -> 0 | F12: =SUMIF(Data_Repository!D3:D14,A12,Data_Repository!G3:G14) -> 1400000 | G12: =SUMIF(Data_Repository!D3:D14,A12,Data_Repository!H3:H14) -> 840000 | H12: =IFERROR(G12/F12,0) -> 0.6 | I12: =IFERROR(AVERAGEIF(Data_Repository!D3:D14,A12,Data_Repository!L3:L14),0) -> 60 | J12: =COUNTIFS(Data_Repository!D3:D14,A12,Data_Repository!N3:N14,"High") -> 0 | K12: =COUNTIFS(Data_Repository!D3:D14,A12,Data_Repository!M3:M14,"Critical") -> 0 | L12: =IF(H12>1.1,"🔴 RED",IF(H12>0.95,"🟡 AMBER","🟢 GREEN")) -> 🟢 GREEN | M12: =IFERROR(ROUND((1-ABS(H12-1))*50+I12*50,1),0) -> 3030
A13: South Korea | B13: =COUNTIFS(Data_Repository!D3:D14,A13,Data_Repository!F3:F14,"In Progress") -> 0 | C13: =COUNTIFS(Data_Repository!D3:D14,A13,Data_Repository!F3:F14,"Completed") -> 0 | D13: =COUNTIFS(Data_Repository!D3:D14,A13,Data_Repository!F3:F14,"On Hold") -> 0 | E13: =COUNTIFS(Data_Repository!D3:D14,A13,Data_Repository!F3:F14,"Planning") -> 1 | F13: =SUMIF(Data_Repository!D3:D14,A13,Data_Repository!G3:G14) -> 5500000 | G13: =SUMIF(Data_Repository!D3:D14,A13,Data_Repository!H3:H14) -> 110000 | H13: =IFERROR(G13/F13,0) -> 0.02 | I13: =IFERROR(AVERAGEIF(Data_Repository!D3:D14,A13,Data_Repository!L3:L14),0) -> 2 | J13: =COUNTIFS(Data_Repository!D3:D14,A13,Data_Repository!N3:N14,"High") -> 1 | K13: =COUNTIFS(Data_Repository!D3:D14,A13,Data_Repository!M3:M14,"Critical") -> 1 | L13: =IF(H13>1.1,"🔴 RED",IF(H13>0.95,"🟡 AMBER","🟢 GREEN")) -> 🟢 GREEN | M13: =IFERROR(ROUND((1-ABS(H13-1))*50+I13*50,1),0) -> 101
A14: Indonesia | B14: =COUNTIFS(Data_Repository!D3:D14,A14,Data_Repository!F3:F14,"In Progress") -> 1 | C14: =COUNTIFS(Data_Repository!D3:D14,A14,Data_Repository!F3:F14,"Completed") -> 0 | D14: =COUNTIFS(Data_Repository!D3:D14,A14,Data_Repository!F3:F14,"On Hold") -> 0 | E14: =COUNTIFS(Data_Repository!D3:D14,A14,Data_Repository!F3:F14,"Planning") -> 0 | F14: =SUMIF(Data_Repository!D3:D14,A14,Data_Repository!G3:G14) -> 750000 | G14: =SUMIF(Data_Repository!D3:D14,A14,Data_Repository!H3:H14) -> 375000 | H14: =IFERROR(G14/F14,0) -> 0.5 | I14: =IFERROR(AVERAGEIF(Data_Repository!D3:D14,A14,Data_Repository!L3:L14),0) -> 50 | J14: =COUNTIFS(Data_Repository!D3:D14,A14,Data_Repository!N3:N14,"High") -> 0 | K14: =COUNTIFS(Data_Repository!D3:D14,A14,Data_Repository!M3:M14,"Critical") -> 0 | L14: =IF(H14>1.1,"🔴 RED",IF(H14>0.95,"🟡 AMBER","🟢 GREEN")) -> 🟢 GREEN | M14: =IFERROR(ROUND((1-ABS(H14-1))*50+I14*50,1),0) -> 2525
A15: Philippines | B15: =COUNTIFS(Data_Repository!D3:D14,A15,Data_Repository!F3:F14,"In Progress") -> 1 | C15: =COUNTIFS(Data_Repository!D3:D14,A15,Data_Repository!F3:F14,"Completed") -> 0 | D15: =COUNTIFS(Data_Repository!D3:D14,A15,Data_Repository!F3:F14,"On Hold") -> 0 | E15: =COUNTIFS(Data_Repository!D3:D14,A15,Data_Repository!F3:F14,"Planning") -> 0 | F15: =SUMIF(Data_Repository!D3:D14,A15,Data_Repository!G3:G14) -> 620000 | G15: =SUMIF(Data_Repository!D3:D14,A15,Data_Repository!H3:H14) -> 310000 | H15: =IFERROR(G15/F15,0) -> 0.5 | I15: =IFERROR(AVERAGEIF(Data_Repository!D3:D14,A15,Data_Repository!L3:L14),0) -> 50 | J15: =COUNTIFS(Data_Repository!D3:D14,A15,Data_Repository!N3:N14,"High") -> 0 | K15: =COUNTIFS(Data_Repository!D3:D14,A15,Data_Repository!M3:M14,"Critical") -> 0 | L15: =IF(H15>1.1,"🔴 RED",IF(H15>0.95,"🟡 AMBER","🟢 GREEN")) -> 🟢 GREEN | M15: =IFERROR(ROUND((1-ABS(H15-1))*50+I15*50,1),0) -> 2525
A16: Malaysia | B16: =COUNTIFS(Data_Repository!D3:D14,A16,Data_Repository!F3:F14,"In Progress") -> 0 | C16: =COUNTIFS(Data_Repository!D3:D14,A16,Data_Repository!F3:F14,"Completed") -> 1 | D16: =COUNTIFS(Data_Repository!D3:D14,A16,Data_Repository!F3:F14,"On Hold") -> 0 | E16: =COUNTIFS(Data_Repository!D3:D14,A16,Data_Repository!F3:F14,"Planning") -> 0 | F16: =SUMIF(Data_Repository!D3:D14,A16,Data_Repository!G3:G14) -> 880000 | G16: =SUMIF(Data_Repository!D3:D14,A16,Data_Repository!H3:H14) -> 860000 | H16: =IFERROR(G16/F16,0) -> 0.97727273 | I16: =IFERROR(AVERAGEIF(Data_Repository!D3:D14,A16,Data_Repository!L3:L14),0) -> 100 | J16: =COUNTIFS(Data_Repository!D3:D14,A16,Data_Repository!N3:N14,"High") -> 0 | K16: =COUNTIFS(Data_Repository!D3:D14,A16,Data_Repository!M3:M14,"Critical") -> 0 | L16: =IF(H16>1.1,"🔴 RED",IF(H16>0.95,"🟡 AMBER","🟢 GREEN")) -> 🟡 AMBER | M16: =IFERROR(ROUND((1-ABS(H16-1))*50+I16*50,1),0) -> 5048.9
A17: APAC TOTAL | B17: =SUM(B7:B16) -> 6 | C17: =SUM(C7:C16) -> 3 | D17: =SUM(D7:D16) -> 1 | E17: =SUM(E7:E16) -> 2 | F17: =SUM(F7:F16) -> 31400000 | G17: =SUM(G7:G16) -> 12465000 | H17: =IFERROR(G17/F17,0) -> 0.39697452 | I17: =AVERAGE(I7:I16) -> 58.933333 | J17: =SUM(J7:J16) -> 4 | K17: =SUM(K7:K16) -> 3 | M17: =AVERAGE(M7:M16) -> 2974.64
